benchmark,prompting,n_shot,Meta-Llama-3-8B-Instruct,Meta-Llama-3-8B-Instruct-GRPO-full,Meta-Llama-3.1-8B-Instruct
gsm8k [:1319],gsm8k,5,0.1463229719484458,0.24791508718726307,0.2100075815011372
gsm8k [:1319],gsm8k_cot_llama,8,0.7445034116755117,0.7846853677028052,0.8362395754359363
gsm8k [:1319],gsm8k_cot_org,8,0.030326004548900682,0.060652009097801364,
gsm8k [:1319],gsm8k_cot_zeroshot,0,0.0,0.003032600454890068,
gsm8k [:1319],gsm8k_grpo,0,0.34723275208491283,0.7664897649734648,
