benchmark,prompting,llama-3-8b,qwen-2.5-1.5b
gpqa_diamond,COT-0,0.30303030303030304,0.2878787878787879
gpqa_diamond,COT-1,0.2676767676767677,0.24242424242424243
gpqa_main,COT-0,0.3125,0.234375
gsm8k,COT-0,0.6899166034874905,0.6671721000758151
gsm8k,COT-8,0.7513267626990144,0.6717210007581501
